id,name,model_id:id,group_id:id,perm_read,perm_write,perm_create,perm_unlink
access_furniture_user,access furniture,model_medical_record,group_medical_record,1,1,1,1
access_past_habits_user,access past habits,model_history_past_habits,group_medical_record,1,1,1,1
access_past_personal_user,access past personal,model_history_past_personal,group_medical_record,1,1,1,1
access_background_gynecological_user,access background gynecological,model_background_gynecological,group_medical_record,1,1,1,1
access_history_family_user,access history family,model_history_family,group_medical_record,1,1,1,1
access_history_social_user,access history social,model_history_social,group_medical_record,1,1,1,1
access_activity_laboral,access activity laboral,model_activity_laboral,group_medical_record,1,1,1,1
access_background_gynecological_user,access background gynecological,model_background_gynecological,group_medical_record,1,1,1,1
access_physical_exam_user,access physical exam,model_physical_exam,group_medical_record,1,1,1,1
access_exam_complementary_user,access examn complementary,model_exam_complementary,group_medical_record,1,1,1,1
access_risk_positions_user,access risk positions,model_risk_positions,group_medical_record,1,1,1,1
access_vulnerable_staff_user,access vulnerable staff,model_vulnerable_staff,group_medical_record,1,1,1,1
access_aptitude_user,access aptitude,model_aptitude,group_medical_record,1,1,1,1