<?xml version="1.0" encoding="UTF-8" ?>
<odoo>
	<record model="ir.module.category" id="category_dimabru_medical_record">
		<field name="name">Medico</field>
    </record>

    <record id="group_medical_record" model="res.groups">
        <field name="name">Usuario </field>
        <field name="category_id" ref="category_dimabru_medical_record"/>
        <field name="implied_ids" eval="[(4, ref('base.group_user'))]"/>
        <field name="users" eval="[(4, ref('base.group_user'))]"/>
    </record>
    
</odoo>